{"loss": [1.5267021656036377, 1.207088828086853, 1.137757658958435, 1.065314769744873, 0.9029675126075745, 0.7498928904533386, 0.675911545753479, 0.6090948581695557, 0.5722290277481079, 0.5381519794464111], "accuracy": [0.3870798349380493, 0.425595223903656, 0.45973390340805054, 0.5178571343421936, 0.6257002949714661, 0.7064075469970703, 0.7496498823165894, 0.7734593749046326, 0.7900910377502441, 0.8063725233078003], "val_loss": [1.5697726011276245, 1.2477465867996216, 1.153846025466919, 1.0113823413848877, 0.7781437039375305, 0.7431750297546387, 0.6437832117080688, 0.6172667145729065, 0.5183576345443726, 0.5228806138038635], "val_accuracy": [0.23816794157028198, 0.40152671933174133, 0.48091602325439453, 0.572519063949585, 0.6625953912734985, 0.7190839648246765, 0.732824444770813, 0.7297710180282593, 0.7725191116333008, 0.7984732985496521]}